INSERT INTO garroc.utilisateurs (id, login, nom, prenom, telephone, email, hash, roles, created_at, updated_at)
VALUES (3, 'user3', 'Nom3', 'Prenom3', '0645361861', 'user3@example.com',
        '$2y$13$Db294bSkwbxtqmenOmNSsgzCwZl2x0ON9uWRcrkZ2ctvY7Ere7Fbm', '["ROLE_USER","ROLE_ORGA"]',
        '2024-12-22 10:55:00',
        '2024-12-22 10:55:00');
INSERT INTO garroc.utilisateurs (id, login, nom, prenom, telephone, email, hash, roles, created_at, updated_at)
VALUES (4,
        'user4',
        'Nom4',
        'Prenom4',
        '0633279986',
        'user4@example.com',
        '$2y$13$M8QMaJX8R6jGYf31TDMFUfE5pA433tTbIq1LEvo8CRoqJatseB2pr',
        '["ROLE_USER","ROLE_ORGA"]',
        '2024-12-22 10:55:00',
        '2024-12-22 10:55:00');
INSERT INTO garroc.utilisateurs (id, login, nom, prenom, telephone, email, hash, roles, created_at, updated_at)
VALUES (5,
        'user5',
        'Nom5',
        'Prenom5',
        '0628952620',
        'user5@example.com',
        '$2y$13$GXYhVSknUknA7fNr33TV5g8WomGFaRjHNp8UuIsOUZl87nU0DtPYv',
        '["ROLE_USER","ROLE_ORGA"]',
        '2024-12-22 10:55:00',
        '2024-12-22 10:55:00');
INSERT INTO garroc.utilisateurs (id, login, nom, prenom, telephone, email, hash, roles, created_at, updated_at)
VALUES (6,
        'user6',
        'Nom6',
        'Prenom6',
        '0671135656',
        'user6@example.com',
        '$2y$13$semBU9a2w4a3dKWFdDIyC4Bwr7Ao68PNCM1qm5BRB9XOJB8fGswIg',
        '["ROLE_USER","ROLE_ORGA"]',
        '2024-12-22 10:55:00',
        '2024-12-22 10:55:00');
INSERT INTO garroc.utilisateurs (id, login, nom, prenom, telephone, email, hash, roles, created_at, updated_at)
VALUES (7,
        'user7',
        'Nom7',
        'Prenom7',
        '0671065858',
        'user7@example.com',
        '$2y$13$gnWA2lZxcCgCmQmJrO8oyqacb9Qyq6jjhtrr1Gf63fXcACvamNdDa',
        '["ROLE_USER","ROLE_ORGA"]',
        '2024-12-22 10:55:00',
        '2024-12-22 10:55:00');
INSERT INTO garroc.utilisateurs (id, login, nom, prenom, telephone, email, hash, roles, created_at, updated_at)
VALUES (8,
        'user8',
        'Nom8',
        'Prenom8',
        '0699116807',
        'user8@example.com',
        '$2y$13$LO4KZH0z1am3EHX8W0uOmanMWFitoNVLmQQvL9URUkTkAsuchwTz3',
        '["ROLE_USER","ROLE_ORGA"]',
        '2024-12-22 10:55:00',
        '2024-12-22 10:55:00');
INSERT INTO garroc.utilisateurs (id, login, nom, prenom, telephone, email, hash, roles, created_at, updated_at)
VALUES (9,
        'user9',
        'Nom9',
        'Prenom9',
        '0631296717',
        'user9@example.com',
        '$2y$13$T6Ruck5ncyuvRAYWw0rcO9kKL2oCQ25dkKKGhZy8zwXmG3GaU1t1i',
        '["ROLE_USER"]',
        '2024-12-22 10:55:00',
        '2024-12-22 10:55:00');
INSERT INTO garroc.utilisateurs (id, login, nom, prenom, telephone, email, hash, roles, created_at, updated_at)
VALUES (10,
        'user10',
        'Nom10',
        'Prenom10',
        '0697972485',
        'user10@example.com',
        '$2y$13$oBNYij2cHWgsZSaVphogvFFLiEk5FcM4bOLBNqUAZD2iOj49F6wXn',
        '["ROLE_USER","ROLE_ORGA"]',
        '2024-12-22 10:55:00',
        '2024-12-22 10:55:00');
INSERT INTO garroc.utilisateurs (id, login, nom, prenom, telephone, email, hash, roles, created_at, updated_at)
VALUES (11,
        'user11',
        'Nom11',
        'Prenom11',
        '0636823355',
        'user11@example.com',
        '$2y$13$1sT8QgcYO2sck6zc4Dzw8wYrRWBKPAPp60Ct16oali8qqyG0Lyrmr',
        '["ROLE_USER","ROLE_ORGA"]',
        '2024-12-22 10:55:00',
        '2024-12-22 10:55:00');
INSERT INTO garroc.utilisateurs (id, login, nom, prenom, telephone, email, hash, roles, created_at, updated_at)
VALUES (12,
        'user12',
        'Nom12',
        'Prenom12',
        '0636501812',
        'user12@example.com',
        '$2y$13$NcCtnLX0R5xvhRjuDcZ33UIzWqoHDsDvr4GdWTg3Esh6kzZlhxsID',
        '["ROLE_USER","ROLE_ORGA"]',
        '2024-12-22 10:55:00',
        '2024-12-22 10:55:00');
INSERT INTO garroc.utilisateurs (id, login, nom, prenom, telephone, email, hash, roles, created_at, updated_at)
VALUES (13,
        'user13',
        'Nom13',
        'Prenom13',
        '0617617872',
        'user13@example.com',
        '$2y$13$Ol446nkBs0DjnnzJ1Y9iAtySi4fa5QuXhCEcK0HMkbjdj2wOPkcnH',
        '["ROLE_USER"]',
        '2024-12-22 10:55:00',
        '2024-12-22 10:55:00');
INSERT INTO garroc.utilisateurs (id, login, nom, prenom, telephone, email, hash, roles, created_at, updated_at)
VALUES (14,
        'user14',
        'Nom14',
        'Prenom14',
        '0653796413',
        'user14@example.com',
        '$2y$13$mEuFax4aRnnXC8X3MWaXlI7zQtmhgGo4LnFmZHMumBvMhJ9L74ggE',
        '["ROLE_USER","ROLE_ORGA"]',
        '2024-12-22 10:55:00',
        '2024-12-22 10:55:00');
INSERT INTO garroc.utilisateurs (id, login, nom, prenom, telephone, email, hash, roles, created_at, updated_at)
VALUES (15,
        'user15',
        'Nom15',
        'Prenom15',
        '0639955369',
        'user15@example.com',
        '$2y$13$9Cdpdoi2yOXTewcxTITo7gvOwt1k0ABmpgyCxDRqok4adBFgpngre',
        '["ROLE_USER","ROLE_ORGA"]',
        '2024-12-22 10:55:00',
        '2024-12-22 10:55:00');
INSERT INTO garroc.utilisateurs (id, login, nom, prenom, telephone, email, hash, roles, created_at, updated_at)
VALUES (16,
        'user16',
        'Nom16',
        'Prenom16',
        '0624622432',
        'user16@example.com',
        '$2y$13$iSmizWPftIV0UFAZ9JnPYI6fOeqwChT0oST8d7HEpQrTzoOn3C7T9',
        '["ROLE_USER","ROLE_ORGA"]',
        '2024-12-22 10:55:00',
        '2024-12-22 10:55:00');
INSERT INTO garroc.utilisateurs (id, login, nom, prenom, telephone, email, hash, roles, created_at, updated_at)
VALUES (17,
        'user17',
        'Nom17',
        'Prenom17',
        '0656705019',
        'user17@example.com',
        '$2y$13$poWAaEgTAmXnsJg6e2QxXPKxG8LYdibcmOOirJjlriCt8U6DQUjad',
        '["ROLE_USER"]',
        '2024-12-22 10:55:00',
        '2024-12-22 10:55:00');
INSERT INTO garroc.utilisateurs (id, login, nom, prenom, telephone, email, hash, roles, created_at, updated_at)
VALUES (18,
        'user18',
        'Nom18',
        'Prenom18',
        '0673731513',
        'user18@example.com',
        '$2y$13$CGA3JHcKIPM5QagaEsDUF9xMidyfJZngZ3RTmL1bEyZ6p8VV1xMCo',
        '["ROLE_USER","ROLE_ORGA"]',
        '2024-12-22 10:55:00',
        '2024-12-22 10:55:00');
INSERT INTO garroc.utilisateurs (id, login, nom, prenom, telephone, email, hash, roles, created_at, updated_at)
VALUES (19,
        'user19',
        'Nom19',
        'Prenom19',
        '0678967569',
        'user19@example.com',
        '$2y$13$aHWicF4pHjrYNAe3AbPIVlWUmCJvppu0b7XJbwwr9TG5eXUh0bWth',
        '["ROLE_USER","ROLE_ORGA"]',
        '2024-12-22 10:55:00',
        '2024-12-22 10:55:00');
INSERT INTO garroc.utilisateurs (id, login, nom, prenom, telephone, email, hash, roles, created_at, updated_at)
VALUES (20,
        'user20',
        'Nom20',
        'Prenom20',
        '0645295851',
        'user20@example.com',
        '$2y$13$5W84QN1ATntN9K9s7cghDBVkteR7Tlf9XFUTN3ctmdGcBFO283k3s',
        '["ROLE_USER","ROLE_ORGA"]',
        '2024-12-22 10:55:00',
        '2024-12-22 10:55:00');
INSERT INTO garroc.utilisateurs (id, login, nom, prenom, telephone, email, hash, roles, created_at, updated_at)
VALUES (21,
        'user21',
        'Nom21',
        'Prenom21',
        '0639842719',
        'user21@example.com',
        '$2y$13$LcZrCp5y9PYjneUJZFuOZqRfCrGgqEe3XPdoxldXzYeBGV4xI6KGU',
        '["ROLE_USER","ROLE_ORGA"]',
        '2024-12-22 10:55:00',
        '2024-12-22 10:55:00');
INSERT INTO garroc.utilisateurs (id, login, nom, prenom, telephone, email, hash, roles, created_at, updated_at)
VALUES (22,
        'user22',
        'Nom22',
        'Prenom22',
        '0697681504',
        'user22@example.com',
        '$2y$13$E3tyOubDvPOLFUoiQAdff0rWrpj4Qpy3IRuBHA0qYSLlsENkj8jkP',
        '["ROLE_USER","ROLE_ORGA"]',
        '2024-12-22 10:55:00',
        '2024-12-22 10:55:00');
INSERT INTO garroc.utilisateurs (id, login, nom, prenom, telephone, email, hash, roles, created_at, updated_at)
VALUES (23,
        'user23',
        'Nom23',
        'Prenom23',
        '0696957401',
        'user23@example.com',
        '$2y$13$NWxtO4nu0Nrv4HUGu9a7gHdZyzxxxE3uygAJ9nW0t3Cwwq37UyfG5',
        '["ROLE_USER","ROLE_ORGA"]',
        '2024-12-22 10:55:00',
        '2024-12-22 10:55:00');
INSERT INTO garroc.utilisateurs (id, login, nom, prenom, telephone, email, hash, roles, created_at, updated_at)
VALUES (24,
        'user24',
        'Nom24',
        'Prenom24',
        '0650170062',
        'user24@example.com',
        '$2y$13$Hoy5yjB7Bk7nHNIe11uYim0n5bfI1fLzNlyIFChJRT30wTlozTbD0',
        '["ROLE_USER","ROLE_ORGA"]',
        '2024-12-22 10:55:00',
        '2024-12-22 10:55:00');
INSERT INTO garroc.utilisateurs (id, login, nom, prenom, telephone, email, hash, roles, created_at, updated_at)
VALUES (25,
        'user25',
        'Nom25',
        'Prenom25',
        '0693985237',
        'user25@example.com',
        '$2y$13$6wPXrplbUUoHl15ASTvnpP2kghyZaWgmd8jeL4Pd4RHNOp7MceU0Z',
        '["ROLE_USER","ROLE_ORGA"]',
        '2024-12-22 10:55:00',
        '2024-12-22 10:55:00');
INSERT INTO garroc.utilisateurs (id, login, nom, prenom, telephone, email, hash, roles, created_at, updated_at)
VALUES (26,
        'user26',
        'Nom26',
        'Prenom26',
        '0644784937',
        'user26@example.com',
        '$2y$13$72JHAtlRYMpMdAvn4LLqSDRpj95NjVrqIMj7LwQlqtQneZvWpWttO',
        '["ROLE_USER","ROLE_ORGA"]',
        '2024-12-22 10:55:00',
        '2024-12-22 10:55:00');
INSERT INTO garroc.utilisateurs (id, login, nom, prenom, telephone, email, hash, roles, created_at, updated_at)
VALUES (27,
        'user27',
        'Nom27',
        'Prenom27',
        '0636728173',
        'user27@example.com',
        '$2y$13$bp8KbYIRAKtbMtNj8lbHm4ubDUzyHoTlbOuI5o5bEVbfkmbnwgL57',
        '["ROLE_USER","ROLE_ORGA"]',
        '2024-12-22 10:55:00',
        '2024-12-22 10:55:00');
INSERT INTO garroc.utilisateurs (id, login, nom, prenom, telephone, email, hash, roles, created_at, updated_at)
VALUES (28,
        'user28',
        'Nom28',
        'Prenom28',
        '0628576936',
        'user28@example.com',
        '$2y$13$swMxbIiN1BAucGNeXKJNxzmwlgUqDLSgYw49HNHaoEnn8mqsmiYLn',
        '["ROLE_USER","ROLE_ORGA"]',
        '2024-12-22 10:55:00',
        '2024-12-22 10:55:00');
INSERT INTO garroc.utilisateurs (id, login, nom, prenom, telephone, email, hash, roles, created_at, updated_at)
VALUES (29,
        'user29',
        'Nom29',
        'Prenom29',
        '0692392895',
        'user29@example.com',
        '$2y$13$A0IKnFFFMuRUNiE0RpHh23mHqiyoKNrVyRYEjTeM5yzEunKMnwSVg',
        '["ROLE_USER"]',
        '2024-12-22 10:55:00',
        '2024-12-22 10:55:00');
INSERT INTO garroc.utilisateurs (id, login, nom, prenom, telephone, email, hash, roles, created_at, updated_at)
VALUES (30,
        'user30',
        'Nom30',
        'Prenom30',
        '0632993233',
        'user30@example.com',
        '$2y$13$yCi6tO4tdP9Vl6QFIrL9KUD5vfQHpwE1OQ0kUcYn27MZ60fNbtpfv',
        '["ROLE_USER","ROLE_ORGA"]',
        '2024-12-22 10:55:00',
        '2024-12-22 10:55:00');
INSERT INTO garroc.utilisateurs (id, login, nom, prenom, telephone, email, hash, roles, created_at, updated_at)
VALUES (31,
        'user31',
        'Nom31',
        'Prenom31',
        '0693144199',
        'user31@example.com',
        '$2y$13$W9CDr3OY2TN6fX1F7f8jvx8vhrGMvLQ51KYEElDcWB4eVJaFCAiRl',
        '["ROLE_USER"]',
        '2024-12-22 10:55:00',
        '2024-12-22 10:55:00');
INSERT INTO garroc.utilisateurs (id, login, nom, prenom, telephone, email, hash, roles, created_at, updated_at)
VALUES (32,
        'user32',
        'Nom32',
        'Prenom32',
        '0668083793',
        'user32@example.com',
        '$2y$13$aKu0yAGhsejruSVae6RN4CzLLyAdej9kTs7WqWFWau9H7d8uV3zo6',
        '["ROLE_USER","ROLE_ORGA"]',
        '2024-12-22 10:55:00',
        '2024-12-22 10:55:00');
INSERT INTO garroc.utilisateurs (id, login, nom, prenom, telephone, email, hash, roles, created_at, updated_at)
VALUES (33,
        'user33',
        'Nom33',
        'Prenom33',
        '0629437478',
        'user33@example.com',
        '$2y$13$BPkOoUp4aqreSDDjYq654pAgXrgmQ2b7fVAO1I8BdwFNnpsyiUT2k',
        '["ROLE_USER","ROLE_ORGA"]',
        '2024-12-22 10:55:00',
        '2024-12-22 10:55:00');
INSERT INTO garroc.utilisateurs (id, login, nom, prenom, telephone, email, hash, roles, created_at, updated_at)
VALUES (34,
        'user34',
        'Nom34',
        'Prenom34',
        '0630006299',
        'user34@example.com',
        '$2y$13$e2SeZ0o4P2P3AQN3ifUC36E0yQPizcuLkhPL5i7ifY2N7Os7jEZPB',
        '["ROLE_USER","ROLE_ORGA"]',
        '2024-12-22 10:55:00',
        '2024-12-22 10:55:00');
INSERT INTO garroc.utilisateurs (id, login, nom, prenom, telephone, email, hash, roles, created_at, updated_at)
VALUES (35,
        'user35',
        'Nom35',
        'Prenom35',
        '0699188866',
        'user35@example.com',
        '$2y$13$pAGEpsdR6Sm1xEic9Y14QgBX9DWczZhkfJdz6TisdI4rlQ0Uo6vGv',
        '["ROLE_USER","ROLE_ORGA"]',
        '2024-12-22 10:55:00',
        '2024-12-22 10:55:00');
INSERT INTO garroc.utilisateurs (id, login, nom, prenom, telephone, email, hash, roles, created_at, updated_at)
VALUES (36,
        'user36',
        'Nom36',
        'Prenom36',
        '0611242355',
        'user36@example.com',
        '$2y$13$yM9By2hW7ddGtgZKyOADzpG6sMDT1LSN8WvU0z0ePqVXUTJ9XGsmr',
        '["ROLE_USER","ROLE_ORGA"]',
        '2024-12-22 10:55:00',
        '2024-12-22 10:55:00');
INSERT INTO garroc.utilisateurs (id, login, nom, prenom, telephone, email, hash, roles, created_at, updated_at)
VALUES (37,
        'user37',
        'Nom37',
        'Prenom37',
        '0614082493',
        'user37@example.com',
        '$2y$13$F8ySAeI2AuAfauw2DTsaIpGY0fRdiFyXel8XwPzYsnICgT5q6C5nK',
        '["ROLE_USER","ROLE_ORGA"]',
        '2024-12-22 10:55:00',
        '2024-12-22 10:55:00');
INSERT INTO garroc.utilisateurs (id, login, nom, prenom, telephone, email, hash, roles, created_at, updated_at)
VALUES (38,
        'user38',
        'Nom38',
        'Prenom38',
        '0656017229',
        'user38@example.com',
        '$2y$13$RMTi2jBLlBxiE5AdlHWDOxfOySYmDlwVj2FyVUDGpGhmB3N3JO2ai',
        '["ROLE_USER"]',
        '2024-12-22 10:55:00',
        '2024-12-22 10:55:00');
INSERT INTO garroc.utilisateurs (id, login, nom, prenom, telephone, email, hash, roles, created_at, updated_at)
VALUES (39,
        'user39',
        'Nom39',
        'Prenom39',
        '0628278369',
        'user39@example.com',
        '$2y$13$FmBTGj6wlPL4X9UqaLE09g4AcrB3Idib4ht5K15f2cmXe5Jcmvlla',
        '["ROLE_USER","ROLE_ORGA"]',
        '2024-12-22 10:55:00',
        '2024-12-22 10:55:00');
INSERT INTO garroc.utilisateurs (id, login, nom, prenom, telephone, email, hash, roles, created_at, updated_at)
VALUES (40,
        'user40',
        'Nom40',
        'Prenom40',
        '0662400566',
        'user40@example.com',
        '$2y$13$WB7S4brCxh5jxOpzPGvQXRcbcRVed4al0df4XsgF8iAmu42zSFH5N',
        '["ROLE_USER","ROLE_ORGA"]',
        '2024-12-22 10:55:00',
        '2024-12-22 10:55:00');
INSERT INTO garroc.utilisateurs (id, login, nom, prenom, telephone, email, hash, roles, created_at, updated_at)
VALUES (41,
        'user41',
        'Nom41',
        'Prenom41',
        '0641303241',
        'user41@example.com',
        '$2y$13$2w4IppPqur7rCsBikAytgMBtxPSIhFRo8ZLZX1sZuP9t1cpC1POIj',
        '["ROLE_USER","ROLE_ORGA"]',
        '2024-12-22 10:55:00',
        '2024-12-22 10:55:00');
INSERT INTO garroc.utilisateurs (id, login, nom, prenom, telephone, email, hash, roles, created_at, updated_at)
VALUES (42,
        'user42',
        'Nom42',
        'Prenom42',
        '0699416685',
        'user42@example.com',
        '$2y$13$vWfypRiQcsn7vBZbleoY1dmgzxWrxU5W3ERghU7mDcUeJYuacIVCe',
        '["ROLE_USER","ROLE_ORGA"]',
        '2024-12-22 10:55:00',
        '2024-12-22 10:55:00');
INSERT INTO garroc.utilisateurs (id, login, nom, prenom, telephone, email, hash, roles, created_at, updated_at)
VALUES (43,
        'user43',
        'Nom43',
        'Prenom43',
        '0693308374',
        'user43@example.com',
        '$2y$13$ClakFwA3MzAoAALTeVE6wYZZmOLCrF2zD37umoLTbNS91qX4yze8l',
        '["ROLE_USER","ROLE_ORGA"]',
        '2024-12-22 10:55:00',
        '2024-12-22 10:55:00');
INSERT INTO garroc.utilisateurs (id, login, nom, prenom, telephone, email, hash, roles, created_at, updated_at)
VALUES (44,
        'user44',
        'Nom44',
        'Prenom44',
        '0617097458',
        'user44@example.com',
        '$2y$13$VIQiES2Ipfw7Dj8C9I8WJkeNubBLPomYsP4HqfSZ0GOT68HLtmzff',
        '["ROLE_USER","ROLE_ORGA"]',
        '2024-12-22 10:55:00',
        '2024-12-22 10:55:00');
INSERT INTO garroc.utilisateurs (id, login, nom, prenom, telephone, email, hash, roles, created_at, updated_at)
VALUES (45,
        'user45',
        'Nom45',
        'Prenom45',
        '0691891296',
        'user45@example.com',
        '$2y$13$ef4Al4w0EwM2eNxL1LJytngvR2CAl4fXFgtr8hqwV4V7T37Rpexju',
        '["ROLE_USER","ROLE_ORGA"]',
        '2024-12-22 10:55:00',
        '2024-12-22 10:55:00');
INSERT INTO garroc.utilisateurs (id, login, nom, prenom, telephone, email, hash, roles, created_at, updated_at)
VALUES (46,
        'user46',
        'Nom46',
        'Prenom46',
        '0651305891',
        'user46@example.com',
        '$2y$13$htuZDFDG8Cz6eYG9PBmmpgOewuDu7Ss8kuK66wAr0j4atQ7GVZuWO',
        '["ROLE_USER","ROLE_ORGA"]',
        '2024-12-22 10:55:00',
        '2024-12-22 10:55:00');
INSERT INTO garroc.utilisateurs (id, login, nom, prenom, telephone, email, hash, roles, created_at, updated_at)
VALUES (47,
        'user47',
        'Nom47',
        'Prenom47',
        '0681816907',
        'user47@example.com',
        '$2y$13$4aRIw2TW5LnO3FB1NkOluHjPqWhAOJkILFQxJzLTl43ZmFjAAGoNV',
        '["ROLE_USER"]',
        '2024-12-22 10:55:00',
        '2024-12-22 10:55:00');
INSERT INTO garroc.utilisateurs (id, login, nom, prenom, telephone, email, hash, roles, created_at, updated_at)
VALUES (48,
        'user48',
        'Nom48',
        'Prenom48',
        '0620538903',
        'user48@example.com',
        '$2y$13$1wkBXfwpzk7LGz3wRKC8ZzDK1hpJoqe0crL26QEvh5TgdSci9MstA',
        '["ROLE_USER","ROLE_ORGA"]',
        '2024-12-22 10:55:00',
        '2024-12-22 10:55:00');
INSERT INTO garroc.utilisateurs (id, login, nom, prenom, telephone, email, hash, roles, created_at, updated_at)
VALUES (49,
        'user49',
        'Nom49',
        'Prenom49',
        '0628010018',
        'user49@example.com',
        '$2y$13$i8UwBzxMjBZHeKibcFhq7tESBNqc6KBghBHKjRaA8Bkh6jJxsdwHe',
        '["ROLE_USER","ROLE_ORGA"]',
        '2024-12-22 10:55:00',
        '2024-12-22 10:55:00');
INSERT INTO garroc.utilisateurs (id, login, nom, prenom, telephone, email, hash, roles, created_at, updated_at)
VALUES (50,
        'user50',
        'Nom50',
        'Prenom50',
        '0615392388',
        'user50@example.com',
        '$2y$13$z27WTtxDVV2ZT0MWWmdxxtpiDCx7h7LxX47uBpYhqV7ybxHAil65f',
        '["ROLE_USER","ROLE_ORGA"]',
        '2024-12-22 10:55:00',
        '2024-12-22 10:55:00');
INSERT INTO garroc.utilisateurs (id, login, nom, prenom, telephone, email, hash, roles, created_at, updated_at)
VALUES (51,
        'user51',
        'Nom51',
        'Prenom51',
        '0623865706',
        'user51@example.com',
        '$2y$13$8sBMeqQl9SWyhguKXpkZ8BXhySsmZaviiX6UCDQwyjzCToTOJjFYn',
        '["ROLE_USER"]',
        '2024-12-22 10:55:00',
        '2024-12-22 10:55:00');
INSERT INTO garroc.utilisateurs (id, login, nom, prenom, telephone, email, hash, roles, created_at, updated_at)
VALUES (52,
        'user52',
        'Nom52',
        'Prenom52',
        '0611205396',
        'user52@example.com',
        '$2y$13$nNolaw4r5jpFujeuoqp9XZsiXJPso5vWrwmZm91asx7OLs4x8K06n',
        '["ROLE_USER"]',
        '2024-12-22 10:55:00',
        '2024-12-22 10:55:00');

-- {'user3': 'Password3', 'user4': 'Password4', 'user5': 'Password5', 'user6': 'Password6', 'user7': 'Password7', 'user8': 'Password8', 'user9': 'Password9', 'user10': 'Password10', 'user11': 'Password11', 'user12': 'Password12', 'user13': 'Password13', 'user14': 'Password14', 'user15': 'Password15', 'user16': 'Password16', 'user17': 'Password17', 'user18': 'Password18', 'user19': 'Password19', 'user20': 'Password20', 'user21': 'Password21', 'user22': 'Password22', 'user23': 'Password23', 'user24': 'Password24', 'user25': 'Password25', 'user26': 'Password26', 'user27': 'Password27', 'user28': 'Password28', 'user29': 'Password29', 'user30': 'Password30', 'user31': 'Password31', 'user32': 'Password32', 'user33': 'Password33', 'user34': 'Password34', 'user35': 'Password35', 'user36': 'Password36', 'user37': 'Password37', 'user38': 'Password38', 'user39': 'Password39', 'user40': 'Password40', 'user41': 'Password41', 'user42': 'Password42', 'user43': 'Password43', 'user44': 'Password44', 'user45': 'Password45', 'user46': 'Password46', 'user47': 'Password47', 'user48': 'Password48', 'user49': 'Password49', 'user50': 'Password50', 'user51': 'Password51', 'user52': 'Password52'}

INSERT INTO garroc.events (id, organized_by_id, name, start_at, end_at, sport, localisation, description,
                           max_participants, participants_visible, price, created_at, updated_at)
VALUES (2, 20, 'Event2', '
2025-03-08 10:52:19
', '
2025-03-11 10:52:19
', 'Climbing', 'Location2',
        'Description for event 2
', 97, 0, 150, '
2024-12-22 10:52:19
', '
2024-12-22 10:52:19
');

INSERT INTO garroc.events (id, organized_by_id, name, start_at, end_at, sport, localisation, description,
                           max_participants, participants_visible, price, created_at, updated_at)
VALUES (3, 15, 'Event3', '
2025-02-03 10:52:19
', '
2025-02-04 10:52:19
', 'Climbing', 'Location3', 'Description for event 3
', 194, 1, 25, '
2024-12-22 10:52:19
', '
2024-12-22 10:52:19
');
INSERT INTO garroc.events (id, organized_by_id, name, start_at, end_at, sport, localisation, description,
                           max_participants, participants_visible, price, created_at, updated_at)
VALUES (4, 39, 'Event4', '
2025-01-27 10:52:19
', '
2025-02-02 10:52:19
', 'Running', 'Location4', 'Description for event 4
', 198, 1, 148, '
2024-12-22 10:52:19
', '
2024-12-22 10:52:19
');
INSERT INTO garroc.events (id, organized_by_id, name, start_at, end_at, sport, localisation, description,
                           max_participants, participants_visible, price, created_at, updated_at)
VALUES (5, 20, 'Event5', '
2025-01-07 10:52:19
', '
2025-01-12 10:52:19
', 'Running', 'Location5', 'Description for event 5
', 127, 0, 87, '
2024-12-22 10:52:19
', '
2024-12-22 10:52:19
');
INSERT INTO garroc.events (id, organized_by_id, name, start_at, end_at, sport, localisation, description,
                           max_participants, participants_visible, price, created_at, updated_at)
VALUES (6, 20, 'Event6', '
2025-03-01 10:52:19
', '
2025-03-04 10:52:19
', 'Running', 'Location6', 'Description for event 6
', 94, 1, 4, '
2024-12-22 10:52:19
', '
2024-12-22 10:52:19
');
INSERT INTO garroc.events (id, organized_by_id, name, start_at, end_at, sport, localisation, description,
                           max_participants, participants_visible, price, created_at, updated_at)
VALUES (7, 42, 'Event7', '
2025-01-01 10:52:19
', '
2025-01-05 10:52:19
', 'Running', 'Location7', 'Description for event 7
', 55, 0, 275, '
2024-12-22 10:52:19
', '
2024-12-22 10:52:19
');
INSERT INTO garroc.events (id, organized_by_id, name, start_at, end_at, sport, localisation, description,
                           max_participants, participants_visible, price, created_at, updated_at)
VALUES (8, 34, 'Event8', '
2025-02-24 10:52:19
', '
2025-02-28 10:52:19
', 'Tennis', 'Location8', 'Description for event 8
', 98, 1, 470, '
2024-12-22 10:52:19
', '
2024-12-22 10:52:19
');
INSERT INTO garroc.events (id, organized_by_id, name, start_at, end_at, sport, localisation, description,
                           max_participants, participants_visible, price, created_at, updated_at)
VALUES (9, 36, 'Event9', '
2025-01-03 10:52:19
', '
2025-01-05 10:52:19
', 'Basketball', 'Location9', 'Description for event 9
', 30, 1, 459, '
2024-12-22 10:52:19
', '
2024-12-22 10:52:19
');
INSERT INTO garroc.events (id, organized_by_id, name, start_at, end_at, sport, localisation, description,
                           max_participants, participants_visible, price, created_at, updated_at)
VALUES (10, 27, 'Event10', '
2025-03-16 10:52:19
', '
2025-03-18 10:52:19
', 'Cycling', 'Location10', 'Description for event 10
', 169, 1, 8, '
2024-12-22 10:52:19
', '
2024-12-22 10:52:19
');
INSERT INTO garroc.events (id, organized_by_id, name, start_at, end_at, sport, localisation, description,
                           max_participants, participants_visible, price, created_at, updated_at)
VALUES (11, 43, 'Event11', '
2025-01-05 10:52:19
', '
2025-01-10 10:52:19
', 'Football', 'Location11', 'Description for event 11
', 24, 1, 212, '
2024-12-22 10:52:19
', '
2024-12-22 10:52:19
');
INSERT INTO garroc.events (id, organized_by_id, name, start_at, end_at, sport, localisation, description,
                           max_participants, participants_visible, price, created_at, updated_at)
VALUES (12, 32, 'Event12', '
2025-01-09 10:52:19
', '
2025-01-16 10:52:19
', 'Swimming', 'Location12', 'Description for event 12
', 52, 1, 430, '
2024-12-22 10:52:19
', '
2024-12-22 10:52:19
');
INSERT INTO garroc.events (id, organized_by_id, name, start_at, end_at, sport, localisation, description,
                           max_participants, participants_visible, price, created_at, updated_at)
VALUES (13, 43, 'Event13', '
2025-03-04 10:52:19
', '
2025-03-09 10:52:19
', 'Running', 'Location13', 'Description for event 13
', 144, 0, 131, '
2024-12-22 10:52:19
', '
2024-12-22 10:52:19
');
INSERT INTO garroc.events (id, organized_by_id, name, start_at, end_at, sport, localisation, description,
                           max_participants, participants_visible, price, created_at, updated_at)
VALUES (14, 21, 'Event14', '
2025-03-18 10:52:19
', '
2025-03-19 10:52:19
', 'Swimming', 'Location14', 'Description for event 14
', 180, 0, 368, '
2024-12-22 10:52:19
', '
2024-12-22 10:52:19
');
INSERT INTO garroc.events (id, organized_by_id, name, start_at, end_at, sport, localisation, description,
                           max_participants, participants_visible, price, created_at, updated_at)
VALUES (15, 7, 'Event15', '
2025-03-19 10:52:19
', '
2025-03-26 10:52:19
', 'Basketball', 'Location15', 'Description for event 15
', 44, 1, 4, '
2024-12-22 10:52:19
', '
2024-12-22 10:52:19
');
INSERT INTO garroc.events (id, organized_by_id, name, start_at, end_at, sport, localisation, description,
                           max_participants, participants_visible, price, created_at, updated_at)
VALUES (16, 35, 'Event16', '
2025-02-01 10:52:19
', '
2025-02-08 10:52:19
', 'Cycling', 'Location16', 'Description for event 16
', 12, 1, 340, '
2024-12-22 10:52:19
', '
2024-12-22 10:52:19
');
INSERT INTO garroc.events (id, organized_by_id, name, start_at, end_at, sport, localisation, description,
                           max_participants, participants_visible, price, created_at, updated_at)
VALUES (17, 27, 'Event17', '
2025-02-14 10:52:19
', '
2025-02-15 10:52:19
', 'Running', 'Location17', 'Description for event 17
', 46, 1, 396, '
2024-12-22 10:52:19
', '
2024-12-22 10:52:19
');
INSERT INTO garroc.events (id, organized_by_id, name, start_at, end_at, sport, localisation, description,
                           max_participants, participants_visible, price, created_at, updated_at)
VALUES (18, 4, 'Event18', '
2025-02-03 10:52:19
', '
2025-02-06 10:52:19
', 'Running', 'Location18', 'Description for event 18
', 24, 0, 87, '
2024-12-22 10:52:19
', '
2024-12-22 10:52:19
');
INSERT INTO garroc.events (id, organized_by_id, name, start_at, end_at, sport, localisation, description,
                           max_participants, participants_visible, price, created_at, updated_at)
VALUES (19, 4, 'Event19', '
2025-01-18 10:52:19
', '
2025-01-23 10:52:19
', 'Swimming', 'Location19', 'Description for event 19
', 97, 0, 48, '
2024-12-22 10:52:19
', '
2024-12-22 10:52:19
');
INSERT INTO garroc.events (id, organized_by_id, name, start_at, end_at, sport, localisation, description,
                           max_participants, participants_visible, price, created_at, updated_at)
VALUES (20, 19, 'Event20', '
2025-01-16 10:52:19
', '
2025-01-18 10:52:19
', 'Climbing', 'Location20', 'Description for event 20
', 14, 1, 149, '
2024-12-22 10:52:19
', '
2024-12-22 10:52:19
');
INSERT INTO garroc.events (id, organized_by_id, name, start_at, end_at, sport, localisation, description,
                           max_participants, participants_visible, price, created_at, updated_at)
VALUES (21, 6, 'Event21', '
2025-01-13 10:52:19
', '
2025-01-14 10:52:19
', 'Football', 'Location21', 'Description for event 21
', 24, 0, 242, '
2024-12-22 10:52:19
', '
2024-12-22 10:52:19
');
INSERT INTO garroc.events (id, organized_by_id, name, start_at, end_at, sport, localisation, description,
                           max_participants, participants_visible, price, created_at, updated_at)
VALUES (22, 23, 'Event22', '
2025-01-18 10:52:19
', '
2025-01-20 10:52:19
', 'Football', 'Location22', 'Description for event 22
', 101, 0, 383, '
2024-12-22 10:52:19
', '
2024-12-22 10:52:19
');
INSERT INTO garroc.events (id, organized_by_id, name, start_at, end_at, sport, localisation, description,
                           max_participants, participants_visible, price, created_at, updated_at)
VALUES (23, 4, 'Event23', '
2025-03-01 10:52:19
', '
2025-03-02 10:52:19
', 'Swimming', 'Location23', 'Description for event 23
', 113, 0, 202, '
2024-12-22 10:52:19
', '
2024-12-22 10:52:19
');
INSERT INTO garroc.events (id, organized_by_id, name, start_at, end_at, sport, localisation, description,
                           max_participants, participants_visible, price, created_at, updated_at)
VALUES (24, 3, 'Event24', '
2025-01-05 10:52:19
', '
2025-01-11 10:52:19
', 'Cycling', 'Location24', 'Description for event 24
', 58, 0, 346, '
2024-12-22 10:52:19
', '
2024-12-22 10:52:19
');
INSERT INTO garroc.events (id, organized_by_id, name, start_at, end_at, sport, localisation, description,
                           max_participants, participants_visible, price, created_at, updated_at)
VALUES (25, 11, 'Event25', '
2025-03-10 10:52:19
', '
2025-03-15 10:52:19
', 'Climbing', 'Location25', 'Description for event 25
', 10, 1, 397, '
2024-12-22 10:52:19
', '
2024-12-22 10:52:19
');
INSERT INTO garroc.events (id, organized_by_id, name, start_at, end_at, sport, localisation, description,
                           max_participants, participants_visible, price, created_at, updated_at)
VALUES (26, 25, 'Event26', '
2025-02-16 10:52:19
', '
2025-02-19 10:52:19
', 'Football', 'Location26', 'Description for event 26
', 122, 0, 396, '
2024-12-22 10:52:19
', '
2024-12-22 10:52:19
');
INSERT INTO garroc.events (id, organized_by_id, name, start_at, end_at, sport, localisation, description,
                           max_participants, participants_visible, price, created_at, updated_at)
VALUES (27, 24, 'Event27', '
2025-02-28 10:52:19
', '
2025-03-03 10:52:19
', 'Climbing', 'Location27', 'Description for event 27
', 91, 1, 419, '
2024-12-22 10:52:19
', '
2024-12-22 10:52:19
');
INSERT INTO garroc.events (id, organized_by_id, name, start_at, end_at, sport, localisation, description,
                           max_participants, participants_visible, price, created_at, updated_at)
VALUES (28, 39, 'Event28', '
2025-02-03 10:52:19
', '
2025-02-04 10:52:19
', 'Climbing', 'Location28', 'Description for event 28
', 120, 1, 421, '
2024-12-22 10:52:19
', '
2024-12-22 10:52:19
');
INSERT INTO garroc.events (id, organized_by_id, name, start_at, end_at, sport, localisation, description,
                           max_participants, participants_visible, price, created_at, updated_at)
VALUES (29, 21, 'Event29', '
2025-02-24 10:52:19
', '
2025-02-28 10:52:19
', 'Cycling', 'Location29', 'Description for event 29
', 168, 0, 72, '
2024-12-22 10:52:19
', '
2024-12-22 10:52:19
');
INSERT INTO garroc.events (id, organized_by_id, name, start_at, end_at, sport, localisation, description,
                           max_participants, participants_visible, price, created_at, updated_at)
VALUES (30, 16, 'Event30', '
2025-03-15 10:52:19
', '
2025-03-20 10:52:19
', 'Swimming', 'Location30', 'Description for event 30
', 75, 0, 214, '
2024-12-22 10:52:19
', '
2024-12-22 10:52:19
');
INSERT INTO garroc.events (id, organized_by_id, name, start_at, end_at, sport, localisation, description,
                           max_participants, participants_visible, price, created_at, updated_at)
VALUES (31, 26, 'Event31', '
2025-02-07 10:52:19
', '
2025-02-09 10:52:19
', 'Running', 'Location31', 'Description for event 31
', 65, 0, 386, '
2024-12-22 10:52:19
', '
2024-12-22 10:52:19
');
INSERT INTO garroc.events (id, organized_by_id, name, start_at, end_at, sport, localisation, description,
                           max_participants, participants_visible, price, created_at, updated_at)
VALUES (32, 21, 'Event32', '
2025-03-10 10:52:19
', '
2025-03-15 10:52:19
', 'Climbing', 'Location32', 'Description for event 32
', 82, 1, 30, '
2024-12-22 10:52:19
', '
2024-12-22 10:52:19
');
INSERT INTO garroc.events (id, organized_by_id, name, start_at, end_at, sport, localisation, description,
                           max_participants, participants_visible, price, created_at, updated_at)
VALUES (33, 5, 'Event33', '
2025-01-21 10:52:19
', '
2025-01-22 10:52:19
', 'Cycling', 'Location33', 'Description for event 33
', 42, 1, 220, '
2024-12-22 10:52:19
', '
2024-12-22 10:52:19
');
INSERT INTO garroc.events (id, organized_by_id, name, start_at, end_at, sport, localisation, description,
                           max_participants, participants_visible, price, created_at, updated_at)
VALUES (34, 5, 'Event34', '
2025-01-07 10:52:19
', '
2025-01-09 10:52:19
', 'Running', 'Location34', 'Description for event 34
', 94, 1, 43, '
2024-12-22 10:52:19
', '
2024-12-22 10:52:19
');
INSERT INTO garroc.events (id, organized_by_id, name, start_at, end_at, sport, localisation, description,
                           max_participants, participants_visible, price, created_at, updated_at)
VALUES (35, 30, 'Event35', '
2024-12-26 10:52:19
', '
2024-12-27 10:52:19
', 'Football', 'Location35', 'Description for event 35
', 104, 1, 115, '
2024-12-22 10:52:19
', '
2024-12-22 10:52:19
');
INSERT INTO garroc.events (id, organized_by_id, name, start_at, end_at, sport, localisation, description,
                           max_participants, participants_visible, price, created_at, updated_at)
VALUES (36, 22, 'Event36', '
2025-02-15 10:52:19
', '
2025-02-21 10:52:19
', 'Cycling', 'Location36', 'Description for event 36
', 182, 0, 494, '
2024-12-22 10:52:19
', '
2024-12-22 10:52:19
');
INSERT INTO garroc.events (id, organized_by_id, name, start_at, end_at, sport, localisation, description,
                           max_participants, participants_visible, price, created_at, updated_at)
VALUES (37, 41, 'Event37', '
2025-01-30 10:52:19
', '
2025-02-05 10:52:19
', 'Basketball', 'Location37', 'Description for event 37
', 48, 1, 184, '
2024-12-22 10:52:19
', '
2024-12-22 10:52:19
');
INSERT INTO garroc.events (id, organized_by_id, name, start_at, end_at, sport, localisation, description,
                           max_participants, participants_visible, price, created_at, updated_at)
VALUES (38, 27, 'Event38', '
2025-01-15 10:52:19
', '
2025-01-21 10:52:19
', 'Climbing', 'Location38', 'Description for event 38
', 187, 0, 307, '
2024-12-22 10:52:19
', '
2024-12-22 10:52:19
');
INSERT INTO garroc.events (id, organized_by_id, name, start_at, end_at, sport, localisation, description,
                           max_participants, participants_visible, price, created_at, updated_at)
VALUES (39, 3, 'Event39', '
2025-01-16 10:52:19
', '
2025-01-17 10:52:19
', 'Climbing', 'Location39', 'Description for event 39
', 134, 0, 452, '
2024-12-22 10:52:19
', '
2024-12-22 10:52:19
');
INSERT INTO garroc.events (id, organized_by_id, name, start_at, end_at, sport, localisation, description,
                           max_participants, participants_visible, price, created_at, updated_at)
VALUES (40, 27, 'Event40', '
2025-02-06 10:52:19
', '
2025-02-10 10:52:19
', 'Football', 'Location40', 'Description for event 40
', 179, 1, 6, '
2024-12-22 10:52:19
', '
2024-12-22 10:52:19
');
INSERT INTO garroc.events (id, organized_by_id, name, start_at, end_at, sport, localisation, description,
                           max_participants, participants_visible, price, created_at, updated_at)
VALUES (41, 16, 'Event41', '
2025-03-13 10:52:19
', '
2025-03-20 10:52:19
', 'Running', 'Location41', 'Description for event 41
', 108, 1, 454, '
2024-12-22 10:52:19
', '
2024-12-22 10:52:19
');
INSERT INTO garroc.events (id, organized_by_id, name, start_at, end_at, sport, localisation, description,
                           max_participants, participants_visible, price, created_at, updated_at)
VALUES (42, 46, 'Event42', '
2024-12-30 10:52:19
', '
2025-01-05 10:52:19
', 'Tennis', 'Location42', 'Description for event 42
', 200, 1, 132, '
2024-12-22 10:52:19
', '
2024-12-22 10:52:19
');
INSERT INTO garroc.events (id, organized_by_id, name, start_at, end_at, sport, localisation, description,
                           max_participants, participants_visible, price, created_at, updated_at)
VALUES (43, 44, 'Event43', '
2025-01-04 10:52:19
', '
2025-01-06 10:52:19
', 'Swimming', 'Location43', 'Description for event 43
', 78, 0, 345, '
2024-12-22 10:52:19
', '
2024-12-22 10:52:19
');
INSERT INTO garroc.events (id, organized_by_id, name, start_at, end_at, sport, localisation, description,
                           max_participants, participants_visible, price, created_at, updated_at)
VALUES (44, 44, 'Event44', '
2025-03-19 10:52:19
', '
2025-03-23 10:52:19
', 'Tennis', 'Location44', 'Description for event 44
', 154, 1, 431, '
2024-12-22 10:52:19
', '
2024-12-22 10:52:19
');
INSERT INTO garroc.events (id, organized_by_id, name, start_at, end_at, sport, localisation, description,
                           max_participants, participants_visible, price, created_at, updated_at)
VALUES (45, 48, 'Event45', '
2025-03-08 10:52:19
', '
2025-03-11 10:52:19
', 'Swimming', 'Location45', 'Description for event 45
', 89, 0, 332, '
2024-12-22 10:52:19
', '
2024-12-22 10:52:19
');
INSERT INTO garroc.events (id, organized_by_id, name, start_at, end_at, sport, localisation, description,
                           max_participants, participants_visible, price, created_at, updated_at)
VALUES (46, 43, 'Event46', '
2025-02-09 10:52:19
', '
2025-02-13 10:52:19
', 'Basketball', 'Location46', 'Description for event 46
', 78, 0, 166, '
2024-12-22 10:52:19
', '
2024-12-22 10:52:19
');
INSERT INTO garroc.events (id, organized_by_id, name, start_at, end_at, sport, localisation, description,
                           max_participants, participants_visible, price, created_at, updated_at)
VALUES (47, 26, 'Event47', '
2025-02-17 10:52:19
', '
2025-02-24 10:52:19
', 'Cycling', 'Location47', 'Description for event 47
', 198, 1, 391, '
2024-12-22 10:52:19
', '
2024-12-22 10:52:19
');
INSERT INTO garroc.events (id, organized_by_id, name, start_at, end_at, sport, localisation, description,
                           max_participants, participants_visible, price, created_at, updated_at)
VALUES (48, 11, 'Event48', '
2025-01-12 10:52:19
', '
2025-01-17 10:52:19
', 'Swimming', 'Location48', 'Description for event 48
', 35, 1, 113, '
2024-12-22 10:52:19
', '
2024-12-22 10:52:19
');
INSERT INTO garroc.events (id, organized_by_id, name, start_at, end_at, sport, localisation, description,
                           max_participants, participants_visible, price, created_at, updated_at)
VALUES (49, 44, 'Event49', '
2025-02-13 10:52:19
', '
2025-02-15 10:52:19
', 'Climbing', 'Location49', 'Description for event 49
', 180, 0, 104, '
2024-12-22 10:52:19
', '
2024-12-22 10:52:19
');
INSERT INTO garroc.events (id, organized_by_id, name, start_at, end_at, sport, localisation, description,
                           max_participants, participants_visible, price, created_at, updated_at)
VALUES (50, 3, 'Event50', '
2025-02-26 10:52:19
', '
2025-02-27 10:52:19
', 'Basketball', 'Location50', 'Description for event 50
', 12, 0, 460, '
2024-12-22 10:52:19
', '
2024-12-22 10:52:19
');
INSERT INTO garroc.events (id, organized_by_id, name, start_at, end_at, sport, localisation, description,
                           max_participants, participants_visible, price, created_at, updated_at)
VALUES (51, 24, 'Event51', '
2025-01-31 10:52:19
', '
2025-02-03 10:52:19
', 'Climbing', 'Location51', 'Description for event 51
', 10, 1, 23, '
2024-12-22 10:52:19
', '
2024-12-22 10:52:19
');
INSERT INTO garroc.events (id, organized_by_id, name, start_at, end_at, sport, localisation, description,
                           max_participants, participants_visible, price, created_at, updated_at)
VALUES (52, 32, 'Event52', '
2025-03-12 10:52:19
', '
2025-03-15 10:52:19
', 'Cycling', 'Location52', 'Description for event 52
', 83, 0, 263, '
2024-12-22 10:52:19
', '
2024-12-22 10:52:19
');
INSERT INTO garroc.events (id, organized_by_id, name, start_at, end_at, sport, localisation, description,
                           max_participants, participants_visible, price, created_at, updated_at)
VALUES (53, 49, 'Event53', '
2025-01-04 10:52:19
', '
2025-01-09 10:52:19
', 'Football', 'Location53', 'Description for event 53
', 200, 0, 88, '
2024-12-22 10:52:19
', '
2024-12-22 10:52:19
');
INSERT INTO garroc.events (id, organized_by_id, name, start_at, end_at, sport, localisation, description,
                           max_participants, participants_visible, price, created_at, updated_at)
VALUES (54, 35, 'Event54', '
2025-03-20 10:52:19
', '
2025-03-24 10:52:19
', 'Swimming', 'Location54', 'Description for event 54
', 65, 0, 272, '
2024-12-22 10:52:19
', '
2024-12-22 10:52:19
');
INSERT INTO garroc.events (id, organized_by_id, name, start_at, end_at, sport, localisation, description,
                           max_participants, participants_visible, price, created_at, updated_at)
VALUES (55, 4, 'Event55', '
2025-02-28 10:52:19
', '
2025-03-06 10:52:19
', 'Tennis', 'Location55', 'Description for event 55
', 117, 1, 76, '
2024-12-22 10:52:19
', '
2024-12-22 10:52:19
');
INSERT INTO garroc.events (id, organized_by_id, name, start_at, end_at, sport, localisation, description,
                           max_participants, participants_visible, price, created_at, updated_at)
VALUES (56, 41, 'Event56', '
2024-12-27 10:52:19
', '
2024-12-28 10:52:19
', 'Climbing', 'Location56', 'Description for event 56
', 105, 0, 279, '
2024-12-22 10:52:19
', '
2024-12-22 10:52:19
');
INSERT INTO garroc.events (id, organized_by_id, name, start_at, end_at, sport, localisation, description,
                           max_participants, participants_visible, price, created_at, updated_at)
VALUES (57, 35, 'Event57', '
2025-02-07 10:52:19
', '
2025-02-13 10:52:19
', 'Football', 'Location57', 'Description for event 57
', 106, 1, 264, '
2024-12-22 10:52:19
', '
2024-12-22 10:52:19
');
INSERT INTO garroc.events (id, organized_by_id, name, start_at, end_at, sport, localisation, description,
                           max_participants, participants_visible, price, created_at, updated_at)
VALUES (58, 25, 'Event58', '
2025-03-03 10:52:19
', '
2025-03-04 10:52:19
', 'Basketball', 'Location58', 'Description for event 58
', 98, 0, 22, '
2024-12-22 10:52:19
', '
2024-12-22 10:52:19
');
INSERT INTO garroc.events (id, organized_by_id, name, start_at, end_at, sport, localisation, description,
                           max_participants, participants_visible, price, created_at, updated_at)
VALUES (59, 37, 'Event59', '
2025-02-18 10:52:19
', '
2025-02-19 10:52:19
', 'Football', 'Location59', 'Description for event 59
', 19, 0, 52, '
2024-12-22 10:52:19
', '
2024-12-22 10:52:19
');
INSERT INTO garroc.events (id, organized_by_id, name, start_at, end_at, sport, localisation, description,
                           max_participants, participants_visible, price, created_at, updated_at)
VALUES (60, 40, 'Event60', '
2025-03-15 10:52:19
', '
2025-03-20 10:52:19
', 'Tennis', 'Location60', 'Description for event 60
', 163, 1, 440, '
2024-12-22 10:52:19
', '
2024-12-22 10:52:19
');
INSERT INTO garroc.events (id, organized_by_id, name, start_at, end_at, sport, localisation, description,
                           max_participants, participants_visible, price, created_at, updated_at)
VALUES (61, 3, 'Event61', '
2024-12-29 10:52:19
', '
2025-01-02 10:52:19
', 'Cycling', 'Location61', 'Description for event 61
', 30, 0, 284, '
2024-12-22 10:52:19
', '
2024-12-22 10:52:19
');
INSERT INTO garroc.events (id, organized_by_id, name, start_at, end_at, sport, localisation, description,
                           max_participants, participants_visible, price, created_at, updated_at)
VALUES (62, 24, 'Event62', '
2025-02-28 10:52:19
', '
2025-03-05 10:52:19
', 'Swimming', 'Location62', 'Description for event 62
', 113, 0, 191, '
2024-12-22 10:52:19
', '
2024-12-22 10:52:19
');
INSERT INTO garroc.events (id, organized_by_id, name, start_at, end_at, sport, localisation, description,
                           max_participants, participants_visible, price, created_at, updated_at)
VALUES (63, 34, 'Event63', '
2025-01-08 10:52:19
', '
2025-01-10 10:52:19
', 'Cycling', 'Location63', 'Description for event 63
', 87, 1, 347, '
2024-12-22 10:52:19
', '
2024-12-22 10:52:19
');
INSERT INTO garroc.events (id, organized_by_id, name, start_at, end_at, sport, localisation, description,
                           max_participants, participants_visible, price, created_at, updated_at)
VALUES (64, 12, 'Event64', '
2025-03-12 10:52:19
', '
2025-03-14 10:52:19
', 'Swimming', 'Location64', 'Description for event 64
', 42, 1, 157, '
2024-12-22 10:52:19
', '
2024-12-22 10:52:19
');
INSERT INTO garroc.events (id, organized_by_id, name, start_at, end_at, sport, localisation, description,
                           max_participants, participants_visible, price, created_at, updated_at)
VALUES (65, 42, 'Event65', '
2025-02-23 10:52:19
', '
2025-02-25 10:52:19
', 'Cycling', 'Location65', 'Description for event 65
', 159, 0, 132, '
2024-12-22 10:52:19
', '
2024-12-22 10:52:19
');
INSERT INTO garroc.events (id, organized_by_id, name, start_at, end_at, sport, localisation, description,
                           max_participants, participants_visible, price, created_at, updated_at)
VALUES (66, 7, 'Event66', '
2024-12-31 10:52:19
', '
2025-01-01 10:52:19
', 'Cycling', 'Location66', 'Description for event 66
', 178, 0, 59, '
2024-12-22 10:52:19
', '
2024-12-22 10:52:19
');
INSERT INTO garroc.events (id, organized_by_id, name, start_at, end_at, sport, localisation, description,
                           max_participants, participants_visible, price, created_at, updated_at)
VALUES (67, 11, 'Event67', '
2024-12-29 10:52:19
', '
2024-12-30 10:52:19
', 'Cycling', 'Location67', 'Description for event 67
', 156, 0, 392, '
2024-12-22 10:52:19
', '
2024-12-22 10:52:19
');
INSERT INTO garroc.events (id, organized_by_id, name, start_at, end_at, sport, localisation, description,
                           max_participants, participants_visible, price, created_at, updated_at)
VALUES (68, 15, 'Event68', '
2025-03-04 10:52:19
', '
2025-03-07 10:52:19
', 'Climbing', 'Location68', 'Description for event 68
', 154, 0, 500, '
2024-12-22 10:52:19
', '
2024-12-22 10:52:19
');
INSERT INTO garroc.events (id, organized_by_id, name, start_at, end_at, sport, localisation, description,
                           max_participants, participants_visible, price, created_at, updated_at)
VALUES (69, 23, 'Event69', '
2025-01-18 10:52:19
', '
2025-01-25 10:52:19
', 'Running', 'Location69', 'Description for event 69
', 37, 1, 289, '
2024-12-22 10:52:19
', '
2024-12-22 10:52:19
');
INSERT INTO garroc.events (id, organized_by_id, name, start_at, end_at, sport, localisation, description,
                           max_participants, participants_visible, price, created_at, updated_at)
VALUES (70, 12, 'Event70', '
2025-03-17 10:52:19
', '
2025-03-18 10:52:19
', 'Cycling', 'Location70', 'Description for event 70
', 146, 0, 312, '
2024-12-22 10:52:19
', '
2024-12-22 10:52:19
');
INSERT INTO garroc.events (id, organized_by_id, name, start_at, end_at, sport, localisation, description,
                           max_participants, participants_visible, price, created_at, updated_at)
VALUES (71, 2, 'Event71', '
2025-02-07 10:52:19
', '
2025-02-08 10:52:19
', 'Running', 'Location71', 'Description for event 71
', 182, 0, 315, '
2024-12-22 10:52:19
', '
2024-12-22 10:52:19
');
INSERT INTO garroc.events (id, organized_by_id, name, start_at, end_at, sport, localisation, description,
                           max_participants, participants_visible, price, created_at, updated_at)
VALUES (72, 45, 'Event72', '
2025-01-17 10:52:19
', '
2025-01-22 10:52:19
', 'Football', 'Location72', 'Description for event 72
', 89, 0, 405, '
2024-12-22 10:52:19
', '
2024-12-22 10:52:19
');
INSERT INTO garroc.events (id, organized_by_id, name, start_at, end_at, sport, localisation, description,
                           max_participants, participants_visible, price, created_at, updated_at)
VALUES (73, 18, 'Event73', '
2025-01-04 10:52:19
', '
2025-01-08 10:52:19
', 'Football', 'Location73', 'Description for event 73
', 178, 0, 229, '
2024-12-22 10:52:19
', '
2024-12-22 10:52:19
');
INSERT INTO garroc.events (id, organized_by_id, name, start_at, end_at, sport, localisation, description,
                           max_participants, participants_visible, price, created_at, updated_at)
VALUES (74, 49, 'Event74', '
2025-02-27 10:52:19
', '
2025-02-28 10:52:19
', 'Basketball', 'Location74', 'Description for event 74
', 79, 0, 468, '
2024-12-22 10:52:19
', '
2024-12-22 10:52:19
');
INSERT INTO garroc.events (id, organized_by_id, name, start_at, end_at, sport, localisation, description,
                           max_participants, participants_visible, price, created_at, updated_at)
VALUES (75, 50, 'Event75', '
2025-02-25 10:52:19
', '
2025-03-04 10:52:19
', 'Football', 'Location75', 'Description for event 75
', 125, 0, 459, '
2024-12-22 10:52:19
', '
2024-12-22 10:52:19
');
INSERT INTO garroc.events (id, organized_by_id, name, start_at, end_at, sport, localisation, description,
                           max_participants, participants_visible, price, created_at, updated_at)
VALUES (76, 36, 'Event76', '
2025-02-06 10:52:19
', '
2025-02-07 10:52:19
', 'Basketball', 'Location76', 'Description for event 76
', 180, 0, 8, '
2024-12-22 10:52:19
', '
2024-12-22 10:52:19
');
INSERT INTO garroc.events (id, organized_by_id, name, start_at, end_at, sport, localisation, description,
                           max_participants, participants_visible, price, created_at, updated_at)
VALUES (77, 16, 'Event77', '
2025-02-20 10:52:19
', '
2025-02-21 10:52:19
', 'Tennis', 'Location77', 'Description for event 77
', 125, 0, 271, '
2024-12-22 10:52:19
', '
2024-12-22 10:52:19
');
INSERT INTO garroc.events (id, organized_by_id, name, start_at, end_at, sport, localisation, description,
                           max_participants, participants_visible, price, created_at, updated_at)
VALUES (78, 4, 'Event78', '
2024-12-29 10:52:19
', '
2025-01-02 10:52:19
', 'Football', 'Location78', 'Description for event 78
', 76, 0, 67, '
2024-12-22 10:52:19
', '
2024-12-22 10:52:19
');
INSERT INTO garroc.events (id, organized_by_id, name, start_at, end_at, sport, localisation, description,
                           max_participants, participants_visible, price, created_at, updated_at)
VALUES (79, 45, 'Event79', '
2025-03-16 10:52:19
', '
2025-03-19 10:52:19
', 'Swimming', 'Location79', 'Description for event 79
', 83, 0, 389, '
2024-12-22 10:52:19
', '
2024-12-22 10:52:19
');
INSERT INTO garroc.events (id, organized_by_id, name, start_at, end_at, sport, localisation, description,
                           max_participants, participants_visible, price, created_at, updated_at)
VALUES (80, 44, 'Event80', '
2025-02-15 10:52:19
', '
2025-02-22 10:52:19
', 'Climbing', 'Location80', 'Description for event 80
', 196, 1, 452, '
2024-12-22 10:52:19
', '
2024-12-22 10:52:19
');
INSERT INTO garroc.events (id, organized_by_id, name, start_at, end_at, sport, localisation, description,
                           max_participants, participants_visible, price, created_at, updated_at)
VALUES (81, 30, 'Event81', '
2025-02-02 10:52:19
', '
2025-02-05 10:52:19
', 'Tennis', 'Location81', 'Description for event 81
', 14, 0, 17, '
2024-12-22 10:52:19
', '
2024-12-22 10:52:19
');
INSERT INTO garroc.events (id, organized_by_id, name, start_at, end_at, sport, localisation, description,
                           max_participants, participants_visible, price, created_at, updated_at)
VALUES (82, 40, 'Event82', '
2025-02-07 10:52:19
', '
2025-02-13 10:52:19
', 'Running', 'Location82', 'Description for event 82
', 83, 0, 275, '
2024-12-22 10:52:19
', '
2024-12-22 10:52:19
');
INSERT INTO garroc.events (id, organized_by_id, name, start_at, end_at, sport, localisation, description,
                           max_participants, participants_visible, price, created_at, updated_at)
VALUES (83, 32, 'Event83', '
2025-03-02 10:52:19
', '
2025-03-07 10:52:19
', 'Cycling', 'Location83', 'Description for event 83
', 33, 1, 458, '
2024-12-22 10:52:19
', '
2024-12-22 10:52:19
');
INSERT INTO garroc.events (id, organized_by_id, name, start_at, end_at, sport, localisation, description,
                           max_participants, participants_visible, price, created_at, updated_at)
VALUES (84, 44, 'Event84', '
2025-02-05 10:52:19
', '
2025-02-11 10:52:19
', 'Climbing', 'Location84', 'Description for event 84
', 110, 0, 202, '
2024-12-22 10:52:19
', '
2024-12-22 10:52:19
');
INSERT INTO garroc.events (id, organized_by_id, name, start_at, end_at, sport, localisation, description,
                           max_participants, participants_visible, price, created_at, updated_at)
VALUES (85, 22, 'Event85', '
2025-03-17 10:52:19
', '
2025-03-20 10:52:19
', 'Swimming', 'Location85', 'Description for event 85
', 103, 1, 391, '
2024-12-22 10:52:19
', '
2024-12-22 10:52:19
');
INSERT INTO garroc.events (id, organized_by_id, name, start_at, end_at, sport, localisation, description,
                           max_participants, participants_visible, price, created_at, updated_at)
VALUES (86, 10, 'Event86', '
2025-01-03 10:52:19
', '
2025-01-05 10:52:19
', 'Cycling', 'Location86', 'Description for event 86
', 85, 0, 188, '
2024-12-22 10:52:19
', '
2024-12-22 10:52:19
');
INSERT INTO garroc.events (id, organized_by_id, name, start_at, end_at, sport, localisation, description,
                           max_participants, participants_visible, price, created_at, updated_at)
VALUES (87, 2, 'Event87', '
2025-03-05 10:52:19
', '
2025-03-08 10:52:19
', 'Swimming', 'Location87', 'Description for event 87
', 60, 0, 31, '
2024-12-22 10:52:19
', '
2024-12-22 10:52:19
');
INSERT INTO garroc.events (id, organized_by_id, name, start_at, end_at, sport, localisation, description,
                           max_participants, participants_visible, price, created_at, updated_at)
VALUES (88, 34, 'Event88', '
2025-02-05 10:52:19
', '
2025-02-09 10:52:19
', 'Basketball', 'Location88', 'Description for event 88
', 178, 0, 203, '
2024-12-22 10:52:19
', '
2024-12-22 10:52:19
');
INSERT INTO garroc.events (id, organized_by_id, name, start_at, end_at, sport, localisation, description,
                           max_participants, participants_visible, price, created_at, updated_at)
VALUES (89, 28, 'Event89', '
2024-12-31 10:52:19
', '
2025-01-06 10:52:19
', 'Swimming', 'Location89', 'Description for event 89
', 64, 1, 47, '
2024-12-22 10:52:19
', '
2024-12-22 10:52:19
');
INSERT INTO garroc.events (id, organized_by_id, name, start_at, end_at, sport, localisation, description,
                           max_participants, participants_visible, price, created_at, updated_at)
VALUES (90, 41, 'Event90', '
2025-03-17 10:52:19
', '
2025-03-23 10:52:19
', 'Running', 'Location90', 'Description for event 90
', 112, 1, 91, '
2024-12-22 10:52:19
', '
2024-12-22 10:52:19
');
INSERT INTO garroc.events (id, organized_by_id, name, start_at, end_at, sport, localisation, description,
                           max_participants, participants_visible, price, created_at, updated_at)
VALUES (91, 7, 'Event91', '
2025-03-01 10:52:19
', '
2025-03-06 10:52:19
', 'Running', 'Location91', 'Description for event 91
', 115, 0, 72, '
2024-12-22 10:52:19
', '
2024-12-22 10:52:19
');
INSERT INTO garroc.events (id, organized_by_id, name, start_at, end_at, sport, localisation, description,
                           max_participants, participants_visible, price, created_at, updated_at)
VALUES (92, 27, 'Event92', '
2025-02-06 10:52:19
', '
2025-02-13 10:52:19
', 'Football', 'Location92', 'Description for event 92
', 58, 0, 60, '
2024-12-22 10:52:19
', '
2024-12-22 10:52:19
');
INSERT INTO garroc.events (id, organized_by_id, name, start_at, end_at, sport, localisation, description,
                           max_participants, participants_visible, price, created_at, updated_at)
VALUES (93, 40, 'Event93', '
2025-03-14 10:52:19
', '
2025-03-18 10:52:19
', 'Running', 'Location93', 'Description for event 93
', 44, 0, 88, '
2024-12-22 10:52:19
', '
2024-12-22 10:52:19
');
INSERT INTO garroc.events (id, organized_by_id, name, start_at, end_at, sport, localisation, description,
                           max_participants, participants_visible, price, created_at, updated_at)
VALUES (94, 33, 'Event94', '
2025-02-07 10:52:19
', '
2025-02-11 10:52:19
', 'Tennis', 'Location94', 'Description for event 94
', 180, 1, 50, '
2024-12-22 10:52:19
', '
2024-12-22 10:52:19
');
INSERT INTO garroc.events (id, organized_by_id, name, start_at, end_at, sport, localisation, description,
                           max_participants, participants_visible, price, created_at, updated_at)
VALUES (95, 32, 'Event95', '
2025-01-09 10:52:19
', '
2025-01-13 10:52:19
', 'Tennis', 'Location95', 'Description for event 95
', 187, 0, 97, '
2024-12-22 10:52:19
', '
2024-12-22 10:52:19
');
INSERT INTO garroc.events (id, organized_by_id, name, start_at, end_at, sport, localisation, description,
                           max_participants, participants_visible, price, created_at, updated_at)
VALUES (96, 33, 'Event96', '
2025-02-20 10:52:19
', '
2025-02-21 10:52:19
', 'Swimming', 'Location96', 'Description for event 96
', 181, 0, 174, '
2024-12-22 10:52:19
', '
2024-12-22 10:52:19
');
INSERT INTO garroc.events (id, organized_by_id, name, start_at, end_at, sport, localisation, description,
                           max_participants, participants_visible, price, created_at, updated_at)
VALUES (97, 22, 'Event97', '
2024-12-23 10:52:19
', '
2024-12-30 10:52:19
', 'Running', 'Location97', 'Description for event 97
', 158, 1, 12, '
2024-12-22 10:52:19
', '
2024-12-22 10:52:19
');
INSERT INTO garroc.events (id, organized_by_id, name, start_at, end_at, sport, localisation, description,
                           max_participants, participants_visible, price, created_at, updated_at)
VALUES (98, 11, 'Event98', '
2025-02-25 10:52:19
', '
2025-03-04 10:52:19
', 'Swimming', 'Location98', 'Description for event 98
', 149, 1, 11, '
2024-12-22 10:52:19
', '
2024-12-22 10:52:19
');
INSERT INTO garroc.events (id, organized_by_id, name, start_at, end_at, sport, localisation, description,
                           max_participants, participants_visible, price, created_at, updated_at)
VALUES (99, 16, 'Event99', '
2025-03-10 10:52:19
', '
2025-03-12 10:52:19
', 'Climbing', 'Location99', 'Description for event 99
', 22, 0, 301, '
2024-12-22 10:52:19
', '
2024-12-22 10:52:19
');
INSERT INTO garroc.events (id, organized_by_id, name, start_at, end_at, sport, localisation, description,
                           max_participants, participants_visible, price, created_at, updated_at)
VALUES (100, 8, 'Event100', '
2025-01-25 10:52:19
', '
2025-01-26 10:52:19
', 'Climbing', 'Location100', 'Description for event 100
', 188, 1, 488, '
2024-12-22 10:52:19
', '
2024-12-22 10:52:19
');
INSERT INTO garroc.events (id, organized_by_id, name, start_at, end_at, sport, localisation, description,
                           max_participants, participants_visible, price, created_at, updated_at)
VALUES (101, 34, 'Event101', '
2025-02-07 10:52:19
', '
2025-02-13 10:52:19
', 'Football', 'Location101', 'Description for event 101
', 51, 0, 423, '
2024-12-22 10:52:19
', '
2024-12-22 10:52:19');

INSERT INTO garroc.participations (id, user_id, event_id)
VALUES (4, 28, 71);
INSERT INTO garroc.participations (id, user_id, event_id)
VALUES (5, 23, 8);
INSERT INTO garroc.participations (id, user_id, event_id)
VALUES (6, 26, 80);
INSERT INTO garroc.participations (id, user_id, event_id)
VALUES (7, 16, 27);
INSERT INTO garroc.participations (id, user_id, event_id)
VALUES (8, 41, 29);
INSERT INTO garroc.participations (id, user_id, event_id)
VALUES (9, 40, 73);
INSERT INTO garroc.participations (id, user_id, event_id)
VALUES (10, 42, 86);
INSERT INTO garroc.participations (id, user_id, event_id)
VALUES (11, 45, 80);
INSERT INTO garroc.participations (id, user_id, event_id)
VALUES (12, 49, 55);
INSERT INTO garroc.participations (id, user_id, event_id)
VALUES (13, 4, 98);
INSERT INTO garroc.participations (id, user_id, event_id)
VALUES (14, 13, 70);
INSERT INTO garroc.participations (id, user_id, event_id)
VALUES (15, 32, 74);
INSERT INTO garroc.participations (id, user_id, event_id)
VALUES (16, 16, 84);
INSERT INTO garroc.participations (id, user_id, event_id)
VALUES (17, 44, 46);
INSERT INTO garroc.participations (id, user_id, event_id)
VALUES (18, 9, 9);
INSERT INTO garroc.participations (id, user_id, event_id)
VALUES (19, 25, 66);
INSERT INTO garroc.participations (id, user_id, event_id)
VALUES (20, 40, 38);
INSERT INTO garroc.participations (id, user_id, event_id)
VALUES (21, 23, 96);
INSERT INTO garroc.participations (id, user_id, event_id)
VALUES (22, 25, 81);
INSERT INTO garroc.participations (id, user_id, event_id)
VALUES (23, 48, 42);
INSERT INTO garroc.participations (id, user_id, event_id)
VALUES (24, 44, 18);
INSERT INTO garroc.participations (id, user_id, event_id)
VALUES (25, 26, 30);
INSERT INTO garroc.participations (id, user_id, event_id)
VALUES (26, 43, 23);
INSERT INTO garroc.participations (id, user_id, event_id)
VALUES (27, 46, 75);
INSERT INTO garroc.participations (id, user_id, event_id)
VALUES (28, 31, 45);
INSERT INTO garroc.participations (id, user_id, event_id)
VALUES (29, 28, 71);
INSERT INTO garroc.participations (id, user_id, event_id)
VALUES (30, 5, 42);
INSERT INTO garroc.participations (id, user_id, event_id)
VALUES (31, 50, 80);
INSERT INTO garroc.participations (id, user_id, event_id)
VALUES (32, 31, 18);
INSERT INTO garroc.participations (id, user_id, event_id)
VALUES (33, 12, 27);
INSERT INTO garroc.participations (id, user_id, event_id)
VALUES (34, 20, 6);
INSERT INTO garroc.participations (id, user_id, event_id)
VALUES (35, 50, 30);
INSERT INTO garroc.participations (id, user_id, event_id)
VALUES (36, 16, 90);
INSERT INTO garroc.participations (id, user_id, event_id)
VALUES (37, 35, 34);
INSERT INTO garroc.participations (id, user_id, event_id)
VALUES (38, 27, 16);
INSERT INTO garroc.participations (id, user_id, event_id)
VALUES (39, 16, 8);
INSERT INTO garroc.participations (id, user_id, event_id)
VALUES (40, 8, 79);
INSERT INTO garroc.participations (id, user_id, event_id)
VALUES (41, 45, 49);
INSERT INTO garroc.participations (id, user_id, event_id)
VALUES (42, 16, 2);
INSERT INTO garroc.participations (id, user_id, event_id)
VALUES (43, 26, 45);
INSERT INTO garroc.participations (id, user_id, event_id)
VALUES (44, 14, 30);
INSERT INTO garroc.participations (id, user_id, event_id)
VALUES (45, 19, 40);
INSERT INTO garroc.participations (id, user_id, event_id)
VALUES (46, 46, 97);
INSERT INTO garroc.participations (id, user_id, event_id)
VALUES (47, 48, 92);
INSERT INTO garroc.participations (id, user_id, event_id)
VALUES (48, 49, 61);
INSERT INTO garroc.participations (id, user_id, event_id)
VALUES (49, 18, 22);
INSERT INTO garroc.participations (id, user_id, event_id)
VALUES (50, 4, 89);
INSERT INTO garroc.participations (id, user_id, event_id)
VALUES (51, 36, 20);
INSERT INTO garroc.participations (id, user_id, event_id)
VALUES (52, 6, 47);
INSERT INTO garroc.participations (id, user_id, event_id)
VALUES (53, 26, 76);
INSERT INTO garroc.participations (id, user_id, event_id)
VALUES (54, 17, 60);
INSERT INTO garroc.participations (id, user_id, event_id)
VALUES (55, 27, 85);
INSERT INTO garroc.participations (id, user_id, event_id)
VALUES (56, 4, 57);
INSERT INTO garroc.participations (id, user_id, event_id)
VALUES (57, 16, 17);
INSERT INTO garroc.participations (id, user_id, event_id)
VALUES (58, 38, 56);
INSERT INTO garroc.participations (id, user_id, event_id)
VALUES (59, 20, 25);
INSERT INTO garroc.participations (id, user_id, event_id)
VALUES (60, 29, 70);
INSERT INTO garroc.participations (id, user_id, event_id)
VALUES (61, 13, 74);
INSERT INTO garroc.participations (id, user_id, event_id)
VALUES (62, 13, 77);
INSERT INTO garroc.participations (id, user_id, event_id)
VALUES (63, 50, 63);
INSERT INTO garroc.participations (id, user_id, event_id)
VALUES (64, 33, 41);
INSERT INTO garroc.participations (id, user_id, event_id)
VALUES (65, 10, 73);
INSERT INTO garroc.participations (id, user_id, event_id)
VALUES (66, 19, 30);
INSERT INTO garroc.participations (id, user_id, event_id)
VALUES (67, 13, 70);
INSERT INTO garroc.participations (id, user_id, event_id)
VALUES (68, 30, 26);
INSERT INTO garroc.participations (id, user_id, event_id)
VALUES (69, 34, 87);
INSERT INTO garroc.participations (id, user_id, event_id)
VALUES (70, 12, 31);
INSERT INTO garroc.participations (id, user_id, event_id)
VALUES (71, 38, 22);
INSERT INTO garroc.participations (id, user_id, event_id)
VALUES (72, 19, 90);
INSERT INTO garroc.participations (id, user_id, event_id)
VALUES (73, 27, 77);
INSERT INTO garroc.participations (id, user_id, event_id)
VALUES (74, 38, 43);
INSERT INTO garroc.participations (id, user_id, event_id)
VALUES (75, 43, 95);
INSERT INTO garroc.participations (id, user_id, event_id)
VALUES (76, 27, 78);
INSERT INTO garroc.participations (id, user_id, event_id)
VALUES (77, 46, 8);
INSERT INTO garroc.participations (id, user_id, event_id)
VALUES (78, 30, 77);
INSERT INTO garroc.participations (id, user_id, event_id)
VALUES (79, 25, 3);
INSERT INTO garroc.participations (id, user_id, event_id)
VALUES (80, 10, 11);
INSERT INTO garroc.participations (id, user_id, event_id)
VALUES (81, 49, 94);
INSERT INTO garroc.participations (id, user_id, event_id)
VALUES (82, 18, 20);
INSERT INTO garroc.participations (id, user_id, event_id)
VALUES (83, 39, 46);
INSERT INTO garroc.participations (id, user_id, event_id)
VALUES (84, 46, 77);
INSERT INTO garroc.participations (id, user_id, event_id)
VALUES (85, 39, 90);
INSERT INTO garroc.participations (id, user_id, event_id)
VALUES (86, 16, 11);
INSERT INTO garroc.participations (id, user_id, event_id)
VALUES (87, 10, 100);
INSERT INTO garroc.participations (id, user_id, event_id)
VALUES (88, 7, 45);
INSERT INTO garroc.participations (id, user_id, event_id)
VALUES (89, 17, 11);
INSERT INTO garroc.participations (id, user_id, event_id)
VALUES (90, 50, 52);
INSERT INTO garroc.participations (id, user_id, event_id)
VALUES (91, 1, 31);
INSERT INTO garroc.participations (id, user_id, event_id)
VALUES (92, 16, 71);
INSERT INTO garroc.participations (id, user_id, event_id)
VALUES (93, 13, 27);
INSERT INTO garroc.participations (id, user_id, event_id)
VALUES (94, 41, 34);
INSERT INTO garroc.participations (id, user_id, event_id)
VALUES (95, 9, 36);
INSERT INTO garroc.participations (id, user_id, event_id)
VALUES (96, 31, 29);
INSERT INTO garroc.participations (id, user_id, event_id)
VALUES (97, 47, 18);
INSERT INTO garroc.participations (id, user_id, event_id)
VALUES (98, 2, 37);
INSERT INTO garroc.participations (id, user_id, event_id)
VALUES (99, 39, 52);
INSERT INTO garroc.participations (id, user_id, event_id)
VALUES (100, 8, 49);
INSERT INTO garroc.participations (id, user_id, event_id)
VALUES (101, 7, 56);
INSERT INTO garroc.participations (id, user_id, event_id)
VALUES (102, 35, 24);
INSERT INTO garroc.participations (id, user_id, event_id)
VALUES (103, 5, 2);
INSERT INTO garroc.participations (id, user_id, event_id)
VALUES (104, 38, 94);
INSERT INTO garroc.participations (id, user_id, event_id)
VALUES (105, 22, 86);
INSERT INTO garroc.participations (id, user_id, event_id)
VALUES (106, 11, 76);
INSERT INTO garroc.participations (id, user_id, event_id)
VALUES (107, 8, 3);
INSERT INTO garroc.participations (id, user_id, event_id)
VALUES (108, 32, 20);
INSERT INTO garroc.participations (id, user_id, event_id)
VALUES (109, 39, 86);
INSERT INTO garroc.participations (id, user_id, event_id)
VALUES (110, 28, 60);
INSERT INTO garroc.participations (id, user_id, event_id)
VALUES (111, 20, 47);
INSERT INTO garroc.participations (id, user_id, event_id)
VALUES (112, 45, 37);
INSERT INTO garroc.participations (id, user_id, event_id)
VALUES (113, 18, 46);
INSERT INTO garroc.participations (id, user_id, event_id)
VALUES (114, 10, 70);
INSERT INTO garroc.participations (id, user_id, event_id)
VALUES (115, 38, 52);
INSERT INTO garroc.participations (id, user_id, event_id)
VALUES (116, 25, 63);
INSERT INTO garroc.participations (id, user_id, event_id)
VALUES (117, 4, 66);
INSERT INTO garroc.participations (id, user_id, event_id)
VALUES (118, 28, 80);
INSERT INTO garroc.participations (id, user_id, event_id)
VALUES (119, 8, 18);
INSERT INTO garroc.participations (id, user_id, event_id)
VALUES (120, 24, 81);
INSERT INTO garroc.participations (id, user_id, event_id)
VALUES (121, 38, 33);
INSERT INTO garroc.participations (id, user_id, event_id)
VALUES (122, 37, 70);
INSERT INTO garroc.participations (id, user_id, event_id)
VALUES (123, 24, 60);
INSERT INTO garroc.participations (id, user_id, event_id)
VALUES (124, 3, 33);
INSERT INTO garroc.participations (id, user_id, event_id)
VALUES (125, 22, 40);
INSERT INTO garroc.participations (id, user_id, event_id)
VALUES (126, 25, 4);
INSERT INTO garroc.participations (id, user_id, event_id)
VALUES (127, 2, 15);
INSERT INTO garroc.participations (id, user_id, event_id)
VALUES (128, 29, 9);
INSERT INTO garroc.participations (id, user_id, event_id)
VALUES (129, 25, 58);
INSERT INTO garroc.participations (id, user_id, event_id)
VALUES (130, 12, 38);
INSERT INTO garroc.participations (id, user_id, event_id)
VALUES (131, 16, 4);
INSERT INTO garroc.participations (id, user_id, event_id)
VALUES (132, 23, 45);
INSERT INTO garroc.participations (id, user_id, event_id)
VALUES (133, 44, 5);
INSERT INTO garroc.participations (id, user_id, event_id)
VALUES (134, 32, 78);
INSERT INTO garroc.participations (id, user_id, event_id)
VALUES (135, 44, 43);
INSERT INTO garroc.participations (id, user_id, event_id)
VALUES (136, 3, 9);
INSERT INTO garroc.participations (id, user_id, event_id)
VALUES (137, 10, 73);
INSERT INTO garroc.participations (id, user_id, event_id)
VALUES (138, 39, 96);
INSERT INTO garroc.participations (id, user_id, event_id)
VALUES (139, 50, 52);
INSERT INTO garroc.participations (id, user_id, event_id)
VALUES (140, 46, 79);
INSERT INTO garroc.participations (id, user_id, event_id)
VALUES (141, 9, 73);
INSERT INTO garroc.participations (id, user_id, event_id)
VALUES (142, 47, 11);
INSERT INTO garroc.participations (id, user_id, event_id)
VALUES (143, 16, 70);
INSERT INTO garroc.participations (id, user_id, event_id)
VALUES (144, 28, 54);
INSERT INTO garroc.participations (id, user_id, event_id)
VALUES (145, 34, 34);
INSERT INTO garroc.participations (id, user_id, event_id)
VALUES (146, 33, 29);
INSERT INTO garroc.participations (id, user_id, event_id)
VALUES (147, 5, 28);
INSERT INTO garroc.participations (id, user_id, event_id)
VALUES (148, 30, 65);
INSERT INTO garroc.participations (id, user_id, event_id)
VALUES (149, 25, 68);
INSERT INTO garroc.participations (id, user_id, event_id)
VALUES (150, 28, 49);
INSERT INTO garroc.participations (id, user_id, event_id)
VALUES (151, 28, 16);
INSERT INTO garroc.participations (id, user_id, event_id)
VALUES (152, 28, 98);
INSERT INTO garroc.participations (id, user_id, event_id)
VALUES (153, 46, 22);
INSERT INTO garroc.participations (id, user_id, event_id)
VALUES (154, 28, 85);
INSERT INTO garroc.participations (id, user_id, event_id)
VALUES (155, 3, 74);
INSERT INTO garroc.participations (id, user_id, event_id)
VALUES (156, 18, 46);
INSERT INTO garroc.participations (id, user_id, event_id)
VALUES (157, 39, 78);
INSERT INTO garroc.participations (id, user_id, event_id)
VALUES (158, 6, 66);
INSERT INTO garroc.participations (id, user_id, event_id)
VALUES (159, 41, 96);
INSERT INTO garroc.participations (id, user_id, event_id)
VALUES (160, 50, 33);
INSERT INTO garroc.participations (id, user_id, event_id)
VALUES (161, 25, 58);
INSERT INTO garroc.participations (id, user_id, event_id)
VALUES (162, 29, 71);
INSERT INTO garroc.participations (id, user_id, event_id)
VALUES (163, 9, 2);
INSERT INTO garroc.participations (id, user_id, event_id)
VALUES (164, 18, 78);
INSERT INTO garroc.participations (id, user_id, event_id)
VALUES (165, 38, 19);
INSERT INTO garroc.participations (id, user_id, event_id)
VALUES (166, 33, 38);
INSERT INTO garroc.participations (id, user_id, event_id)
VALUES (167, 5, 2);
INSERT INTO garroc.participations (id, user_id, event_id)
VALUES (168, 10, 89);
INSERT INTO garroc.participations (id, user_id, event_id)
VALUES (169, 24, 82);
INSERT INTO garroc.participations (id, user_id, event_id)
VALUES (170, 13, 82);
INSERT INTO garroc.participations (id, user_id, event_id)
VALUES (171, 7, 94);
INSERT INTO garroc.participations (id, user_id, event_id)
VALUES (172, 48, 51);
INSERT INTO garroc.participations (id, user_id, event_id)
VALUES (173, 35, 82);
INSERT INTO garroc.participations (id, user_id, event_id)
VALUES (174, 39, 72);
INSERT INTO garroc.participations (id, user_id, event_id)
VALUES (175, 7, 54);
INSERT INTO garroc.participations (id, user_id, event_id)
VALUES (176, 45, 46);
INSERT INTO garroc.participations (id, user_id, event_id)
VALUES (177, 45, 82);
INSERT INTO garroc.participations (id, user_id, event_id)
VALUES (178, 2, 87);
INSERT INTO garroc.participations (id, user_id, event_id)
VALUES (179, 18, 11);
INSERT INTO garroc.participations (id, user_id, event_id)
VALUES (180, 10, 55);
INSERT INTO garroc.participations (id, user_id, event_id)
VALUES (181, 44, 88);
INSERT INTO garroc.participations (id, user_id, event_id)
VALUES (182, 9, 61);
INSERT INTO garroc.participations (id, user_id, event_id)
VALUES (183, 29, 6);
INSERT INTO garroc.participations (id, user_id, event_id)
VALUES (184, 47, 62);
INSERT INTO garroc.participations (id, user_id, event_id)
VALUES (185, 8, 13);
INSERT INTO garroc.participations (id, user_id, event_id)
VALUES (186, 45, 76);
INSERT INTO garroc.participations (id, user_id, event_id)
VALUES (187, 27, 28);
INSERT INTO garroc.participations (id, user_id, event_id)
VALUES (188, 41, 2);
INSERT INTO garroc.participations (id, user_id, event_id)
VALUES (189, 1, 76);
INSERT INTO garroc.participations (id, user_id, event_id)
VALUES (190, 2, 83);
INSERT INTO garroc.participations (id, user_id, event_id)
VALUES (191, 3, 88);
INSERT INTO garroc.participations (id, user_id, event_id)
VALUES (192, 11, 30);
INSERT INTO garroc.participations (id, user_id, event_id)
VALUES (193, 50, 51);
INSERT INTO garroc.participations (id, user_id, event_id)
VALUES (194, 27, 62);
INSERT INTO garroc.participations (id, user_id, event_id)
VALUES (195, 47, 59);
INSERT INTO garroc.participations (id, user_id, event_id)
VALUES (196, 47, 82);
INSERT INTO garroc.participations (id, user_id, event_id)
VALUES (197, 36, 5);
INSERT INTO garroc.participations (id, user_id, event_id)
VALUES (198, 13, 11);
INSERT INTO garroc.participations (id, user_id, event_id)
VALUES (199, 15, 48);
INSERT INTO garroc.participations (id, user_id, event_id)
VALUES (200, 10, 19);
INSERT INTO garroc.participations (id, user_id, event_id)
VALUES (201, 25, 7);
INSERT INTO garroc.participations (id, user_id, event_id)
VALUES (202, 31, 44);
INSERT INTO garroc.participations (id, user_id, event_id)
VALUES (203, 49, 74);
INSERT INTO garroc.participations (id, user_id, event_id)
VALUES (204, 12, 76);
INSERT INTO garroc.participations (id, user_id, event_id)
VALUES (205, 9, 50);
INSERT INTO garroc.participations (id, user_id, event_id)
VALUES (206, 4, 96);
INSERT INTO garroc.participations (id, user_id, event_id)
VALUES (207, 50, 49);
INSERT INTO garroc.participations (id, user_id, event_id)
VALUES (208, 47, 55);
INSERT INTO garroc.participations (id, user_id, event_id)
VALUES (209, 12, 23);
INSERT INTO garroc.participations (id, user_id, event_id)
VALUES (210, 50, 47);
INSERT INTO garroc.participations (id, user_id, event_id)
VALUES (211, 23, 59);
INSERT INTO garroc.participations (id, user_id, event_id)
VALUES (212, 1, 12);
INSERT INTO garroc.participations (id, user_id, event_id)
VALUES (213, 12, 79);
INSERT INTO garroc.participations (id, user_id, event_id)
VALUES (214, 30, 36);
INSERT INTO garroc.participations (id, user_id, event_id)
VALUES (215, 28, 51);
INSERT INTO garroc.participations (id, user_id, event_id)
VALUES (216, 18, 63);
INSERT INTO garroc.participations (id, user_id, event_id)
VALUES (217, 9, 34);
INSERT INTO garroc.participations (id, user_id, event_id)
VALUES (218, 11, 35);
INSERT INTO garroc.participations (id, user_id, event_id)
VALUES (219, 35, 12);
INSERT INTO garroc.participations (id, user_id, event_id)
VALUES (220, 23, 87);
INSERT INTO garroc.participations (id, user_id, event_id)
VALUES (221, 31, 54);
INSERT INTO garroc.participations (id, user_id, event_id)
VALUES (222, 22, 88);
INSERT INTO garroc.participations (id, user_id, event_id)
VALUES (223, 18, 45);
INSERT INTO garroc.participations (id, user_id, event_id)
VALUES (224, 44, 57);
INSERT INTO garroc.participations (id, user_id, event_id)
VALUES (225, 46, 71);
INSERT INTO garroc.participations (id, user_id, event_id)
VALUES (226, 40, 36);
INSERT INTO garroc.participations (id, user_id, event_id)
VALUES (227, 50, 42);
INSERT INTO garroc.participations (id, user_id, event_id)
VALUES (228, 1, 11);
INSERT INTO garroc.participations (id, user_id, event_id)
VALUES (229, 32, 10);
INSERT INTO garroc.participations (id, user_id, event_id)
VALUES (230, 20, 97);
INSERT INTO garroc.participations (id, user_id, event_id)
VALUES (231, 50, 24);
INSERT INTO garroc.participations (id, user_id, event_id)
VALUES (232, 50, 66);
INSERT INTO garroc.participations (id, user_id, event_id)
VALUES (233, 21, 11);
INSERT INTO garroc.participations (id, user_id, event_id)
VALUES (234, 36, 95);
INSERT INTO garroc.participations (id, user_id, event_id)
VALUES (235, 32, 98);
INSERT INTO garroc.participations (id, user_id, event_id)
VALUES (236, 11, 88);
INSERT INTO garroc.participations (id, user_id, event_id)
VALUES (237, 42, 44);
INSERT INTO garroc.participations (id, user_id, event_id)
VALUES (238, 18, 1);
INSERT INTO garroc.participations (id, user_id, event_id)
VALUES (239, 21, 62);
INSERT INTO garroc.participations (id, user_id, event_id)
VALUES (240, 13, 39);
INSERT INTO garroc.participations (id, user_id, event_id)
VALUES (241, 22, 8);
INSERT INTO garroc.participations (id, user_id, event_id)
VALUES (242, 48, 40);
INSERT INTO garroc.participations (id, user_id, event_id)
VALUES (243, 7, 28);
INSERT INTO garroc.participations (id, user_id, event_id)
VALUES (244, 38, 68);
INSERT INTO garroc.participations (id, user_id, event_id)
VALUES (245, 43, 41);
INSERT INTO garroc.participations (id, user_id, event_id)
VALUES (246, 35, 28);
INSERT INTO garroc.participations (id, user_id, event_id)
VALUES (247, 26, 59);
INSERT INTO garroc.participations (id, user_id, event_id)
VALUES (248, 25, 36);
INSERT INTO garroc.participations (id, user_id, event_id)
VALUES (249, 28, 94);
INSERT INTO garroc.participations (id, user_id, event_id)
VALUES (250, 35, 10);
INSERT INTO garroc.participations (id, user_id, event_id)
VALUES (251, 21, 13);
INSERT INTO garroc.participations (id, user_id, event_id)
VALUES (252, 23, 87);
INSERT INTO garroc.participations (id, user_id, event_id)
VALUES (253, 45, 35);
INSERT INTO garroc.participations (id, user_id, event_id)
VALUES (254, 48, 15);
INSERT INTO garroc.participations (id, user_id, event_id)
VALUES (255, 14, 23);
INSERT INTO garroc.participations (id, user_id, event_id)
VALUES (256, 9, 51);
INSERT INTO garroc.participations (id, user_id, event_id)
VALUES (257, 30, 48);
INSERT INTO garroc.participations (id, user_id, event_id)
VALUES (258, 46, 37);
INSERT INTO garroc.participations (id, user_id, event_id)
VALUES (259, 28, 2);
INSERT INTO garroc.participations (id, user_id, event_id)
VALUES (260, 20, 25);
INSERT INTO garroc.participations (id, user_id, event_id)
VALUES (261, 19, 19);
INSERT INTO garroc.participations (id, user_id, event_id)
VALUES (262, 6, 99);
INSERT INTO garroc.participations (id, user_id, event_id)
VALUES (263, 26, 88);
INSERT INTO garroc.participations (id, user_id, event_id)
VALUES (264, 36, 55);
INSERT INTO garroc.participations (id, user_id, event_id)
VALUES (265, 21, 18);
INSERT INTO garroc.participations (id, user_id, event_id)
VALUES (266, 38, 29);
INSERT INTO garroc.participations (id, user_id, event_id)
VALUES (267, 37, 74);
INSERT INTO garroc.participations (id, user_id, event_id)
VALUES (268, 37, 30);
INSERT INTO garroc.participations (id, user_id, event_id)
VALUES (269, 37, 91);
INSERT INTO garroc.participations (id, user_id, event_id)
VALUES (270, 18, 34);
INSERT INTO garroc.participations (id, user_id, event_id)
VALUES (271, 15, 43);
INSERT INTO garroc.participations (id, user_id, event_id)
VALUES (272, 7, 7);
INSERT INTO garroc.participations (id, user_id, event_id)
VALUES (273, 13, 9);
INSERT INTO garroc.participations (id, user_id, event_id)
VALUES (274, 11, 59);
INSERT INTO garroc.participations (id, user_id, event_id)
VALUES (275, 43, 73);
INSERT INTO garroc.participations (id, user_id, event_id)
VALUES (276, 13, 77);
INSERT INTO garroc.participations (id, user_id, event_id)
VALUES (277, 20, 13);
INSERT INTO garroc.participations (id, user_id, event_id)
VALUES (278, 32, 26);
INSERT INTO garroc.participations (id, user_id, event_id)
VALUES (279, 6, 13);
INSERT INTO garroc.participations (id, user_id, event_id)
VALUES (280, 10, 22);
INSERT INTO garroc.participations (id, user_id, event_id)
VALUES (281, 13, 36);
INSERT INTO garroc.participations (id, user_id, event_id)
VALUES (282, 16, 35);
INSERT INTO garroc.participations (id, user_id, event_id)
VALUES (283, 45, 14);
INSERT INTO garroc.participations (id, user_id, event_id)
VALUES (284, 29, 81);
INSERT INTO garroc.participations (id, user_id, event_id)
VALUES (285, 39, 66);
INSERT INTO garroc.participations (id, user_id, event_id)
VALUES (286, 7, 96);
INSERT INTO garroc.participations (id, user_id, event_id)
VALUES (287, 40, 35);
INSERT INTO garroc.participations (id, user_id, event_id)
VALUES (288, 25, 76);
INSERT INTO garroc.participations (id, user_id, event_id)
VALUES (289, 9, 4);
INSERT INTO garroc.participations (id, user_id, event_id)
VALUES (290, 9, 46);
INSERT INTO garroc.participations (id, user_id, event_id)
VALUES (291, 30, 69);
INSERT INTO garroc.participations (id, user_id, event_id)
VALUES (292, 25, 73);
INSERT INTO garroc.participations (id, user_id, event_id)
VALUES (293, 27, 36);
INSERT INTO garroc.participations (id, user_id, event_id)
VALUES (294, 43, 21);
INSERT INTO garroc.participations (id, user_id, event_id)
VALUES (295, 5, 7);
INSERT INTO garroc.participations (id, user_id, event_id)
VALUES (296, 46, 40);
INSERT INTO garroc.participations (id, user_id, event_id)
VALUES (297, 5, 55);
INSERT INTO garroc.participations (id, user_id, event_id)
VALUES (298, 3, 58);
INSERT INTO garroc.participations (id, user_id, event_id)
VALUES (299, 6, 24);
INSERT INTO garroc.participations (id, user_id, event_id)
VALUES (300, 49, 41);
INSERT INTO garroc.participations (id, user_id, event_id)
VALUES (301, 20, 37);
INSERT INTO garroc.participations (id, user_id, event_id)
VALUES (302, 47, 85);
INSERT INTO garroc.participations (id, user_id, event_id)
VALUES (303, 2, 38);
